{"znear": 0.1, "zfar": 30.0, "aspect_ratio": 1.0, "fov": 30.0, "azim": 90.0, "elev": 0.0, "dist": 1.8, "lookat_x": 0.0, "lookat_y": 0.7999999999999998, "lookat_z": 1.2999999999999998}